[{"name": "date", "units": "None", "description": "Timestamp of measurements", "is_input": false, "is_state": false, "is_output": false, "is_target": false}, {"name": "rougher.input.feed_rate", "units": "t/hr", "description": "Plant Feed rate  t/hr", "is_input": true, "is_state": false, "is_output": false, "is_target": false}, {"name": "rougher.input.feed_pb", "units": "%", "description": "Plant Feed Pb% ", "is_input": true, "is_state": false, "is_output": false, "is_target": false}, {"name": "rougher.input.feed_zn", "units": "%", "description": "Plant Feed Zn%", "is_input": true, "is_state": false, "is_output": false, "is_target": false}, {"name": "rougher.input.feed_fe", "units": "%", "description": "Plant Feed Fe%", "is_input": true, "is_state": false, "is_output": false, "is_target": false}, {"name": "rougher.input.feed_sol", "units": "%", "description": "Plant Feed Sol%", "is_input": true, "is_state": false, "is_output": false, "is_target": false}, {"name": "rougher.output.concentrate_pb", "units": "%", "description": "Rougher Con Pb% ", "is_input": false, "is_state": false, "is_output": true, "is_target": false}, {"name": "rougher.output.concentrate_zn", "units": "%", "description": "Rougher Con Zn%", "is_input": false, "is_state": false, "is_output": true, "is_target": false}, {"name": "rougher.output.concentrate_fe", "units": "%", "description": "Rougher Con Fe%", "is_input": false, "is_state": false, "is_output": true, "is_target": false}, {"name": "rougher.output.concentrate_sol", "units": "%", "description": "Rougher Con Sol%", "is_input": false, "is_state": false, "is_output": true, "is_target": false}, {"name": "rougher.output.tail_pb", "units": "%", "description": "Rougher Tail Pb% ", "is_input": false, "is_state": false, "is_output": true, "is_target": false}, {"name": "rougher.output.tail_zn", "units": "%", "description": "Rougher Tail Zn%", "is_input": false, "is_state": false, "is_output": true, "is_target": false}, {"name": "rougher.output.tail_fe", "units": "%", "description": "Rougher Tail Fe%", "is_input": false, "is_state": false, "is_output": true, "is_target": false}, {"name": "rougher.output.tail_sol", "units": "%", "description": "Rougher Tail Sol%", "is_input": false, "is_state": false, "is_output": true, "is_target": false}, {"name": "primary_cleaner.output.concentrate_pb", "units": "%", "description": "1 cleaner Concentrate Pb% ", "is_input": false, "is_state": false, "is_output": true, "is_target": false}, {"name": "primary_cleaner.output.concentrate_zn", "units": "%", "description": "1 cleaner Concentrate Zn%", "is_input": false, "is_state": false, "is_output": true, "is_target": false}, {"name": "primary_cleaner.output.concentrate_fe", "units": "%", "description": "1 cleaner Concentrate Fe%", "is_input": false, "is_state": false, "is_output": true, "is_target": false}, {"name": "primary_cleaner.output.concentrate_sol", "units": "%", "description": "1 cleaner Concentrate Sol%", "is_input": false, "is_state": false, "is_output": true, "is_target": false}, {"name": "primary_cleaner.output.tail_pb", "units": "%", "description": "1 cleaner tail Pb% ", "is_input": false, "is_state": false, "is_output": true, "is_target": false}, {"name": "primary_cleaner.output.tail_zn", "units": "%", "description": "1 cleaner tail Zn%", "is_input": false, "is_state": false, "is_output": true, "is_target": false}, {"name": "primary_cleaner.output.tail_fe", "units": "%", "description": "1 cleaner tail Fe%", "is_input": false, "is_state": false, "is_output": true, "is_target": false}, {"name": "primary_cleaner.output.tail_sol", "units": "%", "description": "1 cleaner tail Sol%", "is_input": false, "is_state": false, "is_output": true, "is_target": false}, {"name": "secondary_cleaner.output.tail_pb", "units": "%", "description": "2 cleaner tail Pb% ", "is_input": false, "is_state": false, "is_output": true, "is_target": false}, {"name": "secondary_cleaner.output.tail_zn", "units": "%", "description": "2 cleaner tail Zn%", "is_input": false, "is_state": false, "is_output": true, "is_target": false}, {"name": "secondary_cleaner.output.tail_fe", "units": "%", "description": "2 cleaner tail Fe%", "is_input": false, "is_state": false, "is_output": true, "is_target": false}, {"name": "secondary_cleaner.output.tail_sol", "units": "%", "description": "2 cleaner tail Sol%", "is_input": false, "is_state": false, "is_output": true, "is_target": false}, {"name": "final.output.tail_pb", "units": "%", "description": "Final Tail Pb% ", "is_input": false, "is_state": false, "is_output": true, "is_target": false}, {"name": "final.output.tail_zn", "units": "%", "description": "Final Tail Zn%", "is_input": false, "is_state": false, "is_output": true, "is_target": false}, {"name": "final.output.tail_fe", "units": "%", "description": "Final Tail Fe%", "is_input": false, "is_state": false, "is_output": true, "is_target": false}, {"name": "final.output.tail_sol", "units": "%", "description": "Final Tail Sol%", "is_input": false, "is_state": false, "is_output": true, "is_target": false}, {"name": "final.output.concentrate_pb", "units": "%", "description": "Final Concentrate Pb% ", "is_input": false, "is_state": false, "is_output": true, "is_target": false}, {"name": "final.output.concentrate_zn", "units": "%", "description": "Final Concentrate Zn%", "is_input": false, "is_state": false, "is_output": true, "is_target": false}, {"name": "final.output.concentrate_fe", "units": "%", "description": "Final Concentrate Fe%", "is_input": false, "is_state": false, "is_output": true, "is_target": false}, {"name": "final.output.concentrate_sol", "units": "%", "description": "Final Concentrate Sol%", "is_input": false, "is_state": false, "is_output": true, "is_target": false}, {"name": "rougher.calculation.zn_pb_ratio", "units": "None", "description": "Zn to Pb Ratio in Feed", "is_input": false, "is_state": false, "is_output": false, "is_target": false}, {"name": "rougher.output.recovery", "units": "None", "description": "Rougher Zn Recovery", "is_input": false, "is_state": false, "is_output": true, "is_target": true}, {"name": "final.output.recovery", "units": "None", "description": "Overall Zn Recovery", "is_input": false, "is_state": false, "is_output": true, "is_target": true}, {"name": "rougher.input.feed_size", "units": "micron", "description": "Plant Feed Sizing (micron)", "is_input": true, "is_state": false, "is_output": false, "is_target": false}, {"name": "rougher.input.floatbank10_copper_sulfate", "units": "l/min", "description": "Copper Sulphate to FB10 (l/min)", "is_input": true, "is_state": false, "is_output": false, "is_target": false}, {"name": "rougher.input.floatbank11_copper_sulfate", "units": "l/min", "description": "Copper Sulphate to FB11 (l/min)", "is_input": true, "is_state": false, "is_output": false, "is_target": false}, {"name": "rougher.input.floatbank10_xanthate", "units": "l/min", "description": "Xanthate to FB10 (l/min)", "is_input": true, "is_state": false, "is_output": false, "is_target": false}, {"name": "rougher.input.floatbank11_xanthate", "units": "l/min", "description": "Xanthate to FB11 (l/min)", "is_input": true, "is_state": false, "is_output": false, "is_target": false}, {"name": "primary_cleaner.input.copper_sulfate", "units": "l/min", "description": "Copper sulphate to cleaners (l/min)", "is_input": true, "is_state": false, "is_output": false, "is_target": false}, {"name": "primary_cleaner.input.xanthate", "units": "l/min", "description": "Xanthate to cleaners (l/min)", "is_input": true, "is_state": false, "is_output": false, "is_target": false}, {"name": "primary_cleaner.input.depressant", "units": "l/min", "description": "Depressant to cleaners (l/min)", "is_input": true, "is_state": false, "is_output": false, "is_target": false}, {"name": "primary_cleaner.input.feed_size", "units": "micron", "description": "Cleaner feed Sizing (micron)", "is_input": true, "is_state": false, "is_output": false, "is_target": false}, {"name": "rougher.calculation.cuso4_to_zn_concentrate", "units": "g/t", "description": "Grams of copper sulphate / tonne of Zn in rougher concentrate", "is_input": false, "is_state": false, "is_output": false, "is_target": false}, {"name": "rougher.calculation.floatbank10_cuso4_to_zn_feed", "units": "g/t", "description": "Grams of copper sulphate / tonne of zn in plant feed on FB10", "is_input": false, "is_state": false, "is_output": false, "is_target": false}, {"name": "rougher.calculation.floatbank11_cuso4_to_zn_feed", "units": "g/t", "description": "Grams of copper sulphate / tonne of zn in plant feed on FB11", "is_input": false, "is_state": false, "is_output": false, "is_target": false}, {"name": "rougher.state.floatbank10_a_level", "units": "Unknown", "description": "Float Bank 10 Cell A Level", "is_input": false, "is_state": true, "is_output": false, "is_target": false}, {"name": "rougher.state.floatbank10_b_level", "units": "Unknown", "description": "Float Bank 10 Cell B Level ", "is_input": false, "is_state": true, "is_output": false, "is_target": false}, {"name": "rougher.state.floatbank10_c_level", "units": "Unknown", "description": "Float Bank 10 Cell C Level", "is_input": false, "is_state": true, "is_output": false, "is_target": false}, {"name": "rougher.state.floatbank10_d_level", "units": "Unknown", "description": "Float Bank 10 Cell D Level", "is_input": false, "is_state": true, "is_output": false, "is_target": false}, {"name": "rougher.state.floatbank10_e_level", "units": "Unknown", "description": "Float Bank 10 Cell E Level ", "is_input": false, "is_state": true, "is_output": false, "is_target": false}, {"name": "rougher.state.floatbank10_f_level", "units": "Unknown", "description": "Float Bank 10 Cell F Level", "is_input": false, "is_state": true, "is_output": false, "is_target": false}, {"name": "rougher.state.floatbank10_a_air", "units": "Unknown", "description": "Float Bank 10 Cell A Air", "is_input": false, "is_state": true, "is_output": false, "is_target": false}, {"name": "rougher.state.floatbank10_b_air", "units": "Unknown", "description": "Float Bank 10 Cell B Air", "is_input": false, "is_state": true, "is_output": false, "is_target": false}, {"name": "rougher.state.floatbank10_c_air", "units": "Unknown", "description": "Float Bank 10 Cell C Air", "is_input": false, "is_state": true, "is_output": false, "is_target": false}, {"name": "rougher.state.floatbank10_d_air", "units": "Unknown", "description": "Float Bank 10 Cell D Air", "is_input": false, "is_state": true, "is_output": false, "is_target": false}, {"name": "rougher.state.floatbank10_e_air", "units": "Unknown", "description": "Float Bank 10 Cell E Air", "is_input": false, "is_state": true, "is_output": false, "is_target": false}, {"name": "rougher.state.floatbank10_f_air", "units": "Unknown", "description": "Float Bank 10 Cell F Air", "is_input": false, "is_state": true, "is_output": false, "is_target": false}, {"name": "primary_cleaner.state.floatbank8_a_level", "units": "Unknown", "description": "Float Bank 8 Cell A Level", "is_input": false, "is_state": true, "is_output": false, "is_target": false}, {"name": "primary_cleaner.state.floatbank8_b_level", "units": "Unknown", "description": "Float Bank 8 Cell B Level ", "is_input": false, "is_state": true, "is_output": false, "is_target": false}, {"name": "primary_cleaner.state.floatbank8_c_level", "units": "Unknown", "description": "Float Bank 8 Cell C Level", "is_input": false, "is_state": true, "is_output": false, "is_target": false}, {"name": "primary_cleaner.state.floatbank8_d_level", "units": "Unknown", "description": "Float Bank 8 Cell D Level", "is_input": false, "is_state": true, "is_output": false, "is_target": false}, {"name": "primary_cleaner.state.floatbank8_a_air", "units": "Unknown", "description": "Float Bank 8 Cell A Air", "is_input": false, "is_state": true, "is_output": false, "is_target": false}, {"name": "primary_cleaner.state.floatbank8_b_air", "units": "Unknown", "description": "Float Bank 8 Cell B Air", "is_input": false, "is_state": true, "is_output": false, "is_target": false}, {"name": "primary_cleaner.state.floatbank8_c_air", "units": "Unknown", "description": "Float Bank 8 Cell C Air", "is_input": false, "is_state": true, "is_output": false, "is_target": false}, {"name": "primary_cleaner.state.floatbank8_d_air", "units": "Unknown", "description": "Float Bank 8 Cell D Air", "is_input": false, "is_state": true, "is_output": false, "is_target": false}, {"name": "secondary_cleaner.state.floatbank2_a_level", "units": "Unknown", "description": "Float Bank 2 Cell A Level", "is_input": false, "is_state": true, "is_output": false, "is_target": false}, {"name": "secondary_cleaner.state.floatbank2_b_level", "units": "Unknown", "description": "Float Bank 2 Cell B Level ", "is_input": false, "is_state": true, "is_output": false, "is_target": false}, {"name": "secondary_cleaner.state.floatbank2_a_air", "units": "Unknown", "description": "Float Bank 2 Cell A Air", "is_input": false, "is_state": true, "is_output": false, "is_target": false}, {"name": "secondary_cleaner.state.floatbank2_b_air", "units": "Unknown", "description": "Float Bank 2 Cell B Air", "is_input": false, "is_state": true, "is_output": false, "is_target": false}, {"name": "secondary_cleaner.state.floatbank3_a_level", "units": "Unknown", "description": "Float Bank 3 Cell A Level", "is_input": false, "is_state": true, "is_output": false, "is_target": false}, {"name": "secondary_cleaner.state.floatbank3_b_level", "units": "Unknown", "description": "Float Bank 3 Cell B Level ", "is_input": false, "is_state": true, "is_output": false, "is_target": false}, {"name": "secondary_cleaner.state.floatbank3_a_air", "units": "Unknown", "description": "Float Bank 3 Cell A Air", "is_input": false, "is_state": true, "is_output": false, "is_target": false}, {"name": "secondary_cleaner.state.floatbank3_b_air", "units": "Unknown", "description": "Float Bank 3 Cell B Air", "is_input": false, "is_state": true, "is_output": false, "is_target": false}, {"name": "secondary_cleaner.state.floatbank4_a_level", "units": "Unknown", "description": "Float Bank 4 Cell A Level", "is_input": false, "is_state": true, "is_output": false, "is_target": false}, {"name": "secondary_cleaner.state.floatbank4_b_level", "units": "Unknown", "description": "Float Bank 4 Cell B Level ", "is_input": false, "is_state": true, "is_output": false, "is_target": false}, {"name": "secondary_cleaner.state.floatbank4_a_air", "units": "Unknown", "description": "Float Bank 4 Cell A Air", "is_input": false, "is_state": true, "is_output": false, "is_target": false}, {"name": "secondary_cleaner.state.floatbank4_b_air", "units": "Unknown", "description": "Float Bank 4 Cell B Air", "is_input": false, "is_state": true, "is_output": false, "is_target": false}, {"name": "secondary_cleaner.state.floatbank5_a_level", "units": "Unknown", "description": "Float Bank 5 Cell A Level", "is_input": false, "is_state": true, "is_output": false, "is_target": false}, {"name": "secondary_cleaner.state.floatbank5_b_level", "units": "Unknown", "description": "Float Bank 5 Cell B Level ", "is_input": false, "is_state": true, "is_output": false, "is_target": false}, {"name": "secondary_cleaner.state.floatbank5_a_air", "units": "Unknown", "description": "Float Bank 5 Cell A Air", "is_input": false, "is_state": true, "is_output": false, "is_target": false}, {"name": "secondary_cleaner.state.floatbank5_b_air", "units": "Unknown", "description": "Float Bank 5 Cell B Air", "is_input": false, "is_state": true, "is_output": false, "is_target": false}, {"name": "secondary_cleaner.state.floatbank6_a_level", "units": "Unknown", "description": "Float Bank 6 Cell A Level", "is_input": false, "is_state": true, "is_output": false, "is_target": false}, {"name": "secondary_cleaner.state.floatbank6_a_air", "units": "Unknown", "description": "Float Bank 6 Cell A Air", "is_input": false, "is_state": true, "is_output": false, "is_target": false}]