date,rougher.output.recovery,final.output.recovery,Origin of data
1/4/2017 15:59:59,91.30121328,69.04351623,all_train
1/4/2017 16:59:59,91.55193798,74.04155057,all_train
1/4/2017 17:59:59,91.42867371,73.70282195,all_train
1/4/2017 18:59:59,91.55082038,72.23233058,all_train
1/4/2017 19:59:59,91.20127736,68.28180722,all_train
1/4/2017 20:59:59,90.22450322,64.98214064,all_train
1/4/2017 21:59:59,90.08049671,66.13912223,all_train
1/4/2017 22:59:59,89.77694909,66.47716902,all_train
1/4/2017 23:59:59,90.05941524,65.98706785,all_train
1/5/2017 0:59:59,90.53433039,67.37741239,all_train
1/5/2017 3:59:59,89.44509473,63.4373551,all_train
1/5/2017 4:59:59,87.21332015,64.73512974,all_train
1/5/2017 5:59:59,88.99984034,64.49849938,all_train
1/5/2017 6:59:59,89.3633122,61.54814558,all_train
1/5/2017 7:59:59,89.70979458,65.2251766,all_train
1/5/2017 8:59:59,90.16946761,64.22504126,all_train
1/5/2017 9:59:59,90.17239252,63.47050562,all_train
1/5/2017 10:59:59,89.41676688,64.61251127,all_train
1/5/2017 11:59:59,89.87851368,68.80326251,all_train
1/5/2017 12:59:59,90.34291252,66.08072422,all_train
1/5/2017 13:59:59,90.83412727,63.53307849,all_train
1/5/2017 14:59:59,89.51912784,57.81771946,all_train
1/5/2017 16:59:59,90.72902238,66.98678909,all_train
1/5/2017 17:59:59,91.18012654,69.01553776,all_train
1/5/2017 18:59:59,90.90111463,71.05266314,all_train
1/5/2017 19:59:59,90.39919345,70.63316406,all_train
1/5/2017 20:59:59,90.08755668,70.22044329,all_train
1/6/2017 4:59:59,89.37068856,73.24423413,all_train
1/6/2017 5:59:59,90.44274575,72.04114799,all_train
1/6/2017 6:59:59,91.18589955,70.42831006,all_train
1/6/2017 7:59:59,91.14678623,69.05622125,all_train
1/6/2017 8:59:59,91.38641231,67.75741501,all_train
1/6/2017 9:59:59,91.1819098,68.81206052,all_train
1/6/2017 10:59:59,91.31196196,67.58344432,all_train
1/6/2017 12:59:59,91.79229342,67.27519465,all_train
1/6/2017 13:59:59,91.79229342,67.27519465,all_train
1/6/2017 14:59:59,91.79229342,67.27519465,all_train
1/6/2017 15:59:59,91.79229342,67.27519465,all_train
1/6/2017 16:59:59,91.79229342,67.27519465,all_train
1/6/2017 21:59:59,88.94720552,71.4471633,all_train
1/6/2017 22:59:59,88.8765125,72.06303909,all_train
1/6/2017 23:59:59,89.297236,71.93748374,all_train
1/7/2017 0:59:59,89.27732723,73.0725548,all_train
1/7/2017 6:59:59,86.4020563,66.20639603,all_train
1/7/2017 7:59:59,89.66927977,66.45360799,all_train
1/7/2017 8:59:59,89.3228035,67.23854408,all_train
1/7/2017 9:59:59,89.69818562,69.01245303,all_train
1/7/2017 10:59:59,89.43722256,70.09886897,all_train
1/7/2017 11:59:59,88.76660423,72.12800455,all_train
1/7/2017 12:59:59,87.73123986,70.85131315,all_train
1/7/2017 16:59:59,88.76406114,72.06093342,all_train
1/7/2017 17:59:59,88.32799333,71.77376051,all_train
1/7/2017 18:59:59,88.35711578,71.86077453,all_train
1/7/2017 19:59:59,88.56621687,71.46381084,all_train
1/12/2017 15:59:59,89.17419112,69.87122025,all_train
1/12/2017 16:59:59,89.70616328,72.78125025,all_train
2/18/2017 13:59:59,92.83023779,73.16856505,all_train
2/18/2017 14:59:59,92.86946219,72.53958193,all_train
2/18/2017 15:59:59,92.59287669,70.61853936,all_train
4/30/2017 19:59:59,82.3115816,70.40853815,all_train
4/30/2017 23:59:59,81.23475546,65.889556,all_train
5/1/2017 0:59:59,80.77563732,65.1360375,all_train
5/1/2017 1:59:59,82.19414255,66.57607149,all_train
5/1/2017 4:59:59,84.35222389,69.8676629,all_train
5/1/2017 5:59:59,83.23323613,68.2991165,all_train
5/1/2017 6:59:59,85.42557019,68.29926253,all_train
5/1/2017 7:59:59,83.30447415,66.71180678,all_train
5/1/2017 18:59:59,81.93243034,67.04250084,all_train
5/5/2017 17:59:59,79.80223382,64.98658263,all_train
5/5/2017 18:59:59,78.84543262,64.17530981,all_train
7/14/2017 16:59:59,73.85942643,54.7169879,all_train
7/20/2017 11:59:59,68.43672494,58.48058262,all_train
7/20/2017 13:59:59,73.15609581,63.85477139,all_train
7/20/2017 14:59:59,75.29438037,66.50569811,all_train
7/25/2017 8:59:59,80.11331203,35.42683569,all_train
7/25/2017 9:59:59,76.33971109,36.16641135,all_train
7/25/2017 10:59:59,81.70516701,48.14068951,all_train
7/25/2017 11:59:59,85.96560137,53.02831771,all_train
7/30/2017 14:59:59,83.62941684,57.49334055,all_train
7/30/2017 15:59:59,85.0116079,53.47406411,all_train
7/30/2017 16:59:59,86.51437442,49.19851889,all_train
7/30/2017 17:59:59,81.92499499,44.44001998,all_train
7/30/2017 18:59:59,82.91883326,40.71941671,all_train
7/30/2017 19:59:59,82.23175862,35.8637559,all_train
7/30/2017 20:59:59,79.74428537,35.93833056,all_train
7/30/2017 22:59:59,80.41184111,35.32738308,all_train
7/30/2017 23:59:59,81.08197798,40.30283159,all_train
7/31/2017 0:59:59,77.97987837,39.82700114,all_train
7/31/2017 1:59:59,77.22096765,45.15880543,all_train
8/4/2017 14:59:59,77.11406082,54.59972618,all_train
8/4/2017 15:59:59,76.89458322,49.36183096,all_train
8/4/2017 16:59:59,78.19981766,45.22257723,all_train
8/4/2017 17:59:59,78.10462471,40.11064358,all_train
8/4/2017 21:59:59,81.10563546,55.80152894,all_train
8/4/2017 22:59:59,82.21765269,59.68311614,all_train
8/4/2017 23:59:59,82.3771342,61.97597957,all_train
8/5/2017 0:59:59,81.78373221,61.01005261,all_train
8/5/2017 3:59:59,83.86307066,66.87614823,all_train
8/5/2017 4:59:59,82.18800832,67.74662346,all_train
8/5/2017 5:59:59,78.5323724,62.5065371,all_train
8/5/2017 6:59:59,77.50611644,56.21822864,all_train
8/5/2017 7:59:59,77.81663124,52.50321242,all_train
8/5/2017 8:59:59,77.47836141,45.95028217,all_train
8/5/2017 9:59:59,83.60793901,42.74860078,all_train
8/5/2017 10:59:59,86.69423838,54.0689602,all_train
8/5/2017 11:59:59,83.12050818,46.58990299,all_train
8/5/2017 12:59:59,77.27989373,38.62870131,all_train
8/5/2017 13:59:59,79.93406459,55.50577264,all_train
8/5/2017 14:59:59,80.99980033,60.23084479,all_train
8/5/2017 15:59:59,84.21081957,61.69757195,all_train
8/5/2017 16:59:59,86.81345273,66.47515985,all_train
8/5/2017 17:59:59,86.04807169,65.65663984,all_train
8/5/2017 18:59:59,85.17270271,63.45155125,all_train
8/5/2017 19:59:59,87.48104005,61.45432946,all_train
8/5/2017 20:59:59,85.55202765,55.84969859,all_train
8/5/2017 21:59:59,86.2177492,63.56847077,all_train
8/5/2017 22:59:59,84.44786434,63.09712897,all_train
8/5/2017 23:59:59,84.38652805,62.78356062,all_train
8/6/2017 0:59:59,84.49689024,65.48279823,all_train
8/6/2017 1:59:59,83.00657217,66.78175979,all_train
8/6/2017 2:59:59,83.71088054,66.88988707,all_train
8/6/2017 3:59:59,85.87704851,68.5752194,all_train
8/6/2017 4:59:59,86.23970783,67.68613786,all_train
8/6/2017 5:59:59,86.7100831,69.82748868,all_train
8/6/2017 6:59:59,84.76768474,64.52162158,all_train
8/6/2017 7:59:59,86.08406982,58.55278667,all_train
8/6/2017 8:59:59,86.51884026,60.32490014,all_train
8/6/2017 9:59:59,87.34278174,63.21729721,all_train
8/6/2017 10:59:59,85.85336253,61.50421693,all_train
8/6/2017 11:59:59,86.75988973,60.40635323,all_train
8/6/2017 12:59:59,84.06496921,55.16890231,all_train
8/6/2017 13:59:59,85.438835,65.28915773,all_train
8/6/2017 14:59:59,82.65110503,61.46982425,all_train
8/6/2017 15:59:59,82.92187033,62.23576445,all_train
8/6/2017 16:59:59,83.90099702,63.86244787,all_train
8/6/2017 17:59:59,85.04225905,56.91650392,all_train
8/6/2017 19:59:59,86.27809803,64.41446925,all_train
8/6/2017 20:59:59,85.59779293,62.17982013,all_train
8/6/2017 21:59:59,85.31712545,64.63873838,all_train
8/6/2017 22:59:59,84.87357305,62.95518958,all_train
8/6/2017 23:59:59,83.81247606,66.02201436,all_train
8/7/2017 0:59:59,80.95176028,61.87915915,all_train
8/7/2017 1:59:59,81.19631799,62.40678143,all_train
8/7/2017 2:59:59,81.70688038,64.68581835,all_train
8/7/2017 4:59:59,84.37519457,69.36550274,all_train
8/7/2017 5:59:59,84.19549747,69.58719021,all_train
8/7/2017 6:59:59,84.63236666,65.88918831,all_train
8/7/2017 7:59:59,82.87914924,64.33215445,all_train
8/7/2017 8:59:59,83.90674628,66.63374724,all_train
8/7/2017 9:59:59,86.63141926,64.31896791,all_train
8/7/2017 10:59:59,88.14903908,63.65938301,all_train
8/7/2017 11:59:59,87.60849385,62.13807342,all_train
8/7/2017 12:59:59,88.22962093,64.50000435,all_train
8/7/2017 13:59:59,88.15628771,64.95275683,all_train
8/7/2017 14:59:59,86.40013979,64.55622398,all_train
8/7/2017 15:59:59,81.97660327,64.26140977,all_train
8/7/2017 16:59:59,83.3496658,65.01222995,all_train
8/7/2017 17:59:59,84.51537308,65.02633701,all_train
8/7/2017 18:59:59,81.53356741,63.44356015,all_train
8/7/2017 19:59:59,80.36607876,62.73850201,all_train
8/7/2017 20:59:59,82.08139961,62.6449449,all_train
8/7/2017 21:59:59,84.75142671,66.92287558,all_train
8/7/2017 22:59:59,84.84687695,67.59677944,all_train
8/7/2017 23:59:59,82.21389069,62.04799701,all_train
8/8/2017 8:59:59,84.40232208,68.89106944,all_train
8/8/2017 9:59:59,82.07952205,66.77995134,all_train
8/8/2017 10:59:59,84.16321345,68.60128956,all_train
8/8/2017 11:59:59,83.9276434,67.83159068,all_train
8/8/2017 14:59:59,85.24055941,69.05969432,all_train
8/8/2017 15:59:59,84.27330099,69.89485081,all_train
8/8/2017 16:59:59,85.20491578,70.79558074,all_train
8/8/2017 18:59:59,85.19510594,72.29873589,all_train
8/8/2017 19:59:59,83.59672099,69.44408062,all_train
8/8/2017 23:59:59,89.449284,71.80297061,all_train
8/9/2017 0:59:59,92.61107521,74.84056375,all_train
8/9/2017 7:59:59,96.07761929,68.66864694,all_train
8/9/2017 8:59:59,85.51614847,70.12317481,all_train
8/9/2017 9:59:59,86.91856253,71.91043862,all_train
8/9/2017 10:59:59,87.3690323,69.09293293,all_train
8/9/2017 11:59:59,86.99863191,66.89524473,all_train
8/9/2017 12:59:59,87.41376966,69.63834658,all_train
8/9/2017 13:59:59,85.35248059,66.81836027,all_train
8/9/2017 14:59:59,85.41332763,65.07194734,all_train
8/9/2017 15:59:59,85.05904776,65.32470555,all_train
8/9/2017 16:59:59,85.83665035,65.62899761,all_train
8/9/2017 17:59:59,85.23178716,65.15141238,all_train
8/9/2017 18:59:59,84.88514517,63.27990673,all_train
8/9/2017 19:59:59,84.39454535,62.62104028,all_train
8/9/2017 20:59:59,84.43119655,63.84019219,all_train
8/9/2017 21:59:59,84.06225367,64.74520288,all_train
8/9/2017 22:59:59,83.38038076,64.57858828,all_train
8/9/2017 23:59:59,85.01520412,63.46111911,all_train
8/10/2017 0:59:59,86.50226194,62.00244857,all_train
8/10/2017 1:59:59,85.63848445,60.79620186,all_train
8/10/2017 2:59:59,85.06632305,58.53506417,all_train
8/11/2017 5:59:59,86.70849813,67.93628721,all_train
8/13/2017 0:59:59,87.85806762,66.72972097,all_train
8/13/2017 1:59:59,88.72144284,62.04089671,all_train
8/13/2017 2:59:59,86.01462002,65.51441166,all_train
8/13/2017 3:59:59,84.01119615,64.16948732,all_train
8/13/2017 22:59:59,83.968339,61.53691866,all_train
8/13/2017 23:59:59,82.90233527,63.97319156,all_train
8/14/2017 0:59:59,82.07080133,59.24325886,all_train
8/14/2017 6:59:59,80.53525573,61.77638908,all_train
8/14/2017 7:59:59,80.38801063,58.45193377,all_train
8/14/2017 8:59:59,83.49424641,58.8366528,all_train
8/14/2017 10:59:59,86.59471179,69.64372641,all_train
8/14/2017 11:59:59,83.7260418,65.3572186,all_train
8/14/2017 12:59:59,81.93163786,61.54074269,all_train
8/14/2017 13:59:59,82.10881074,64.27483831,all_train
8/14/2017 14:59:59,82.76459416,66.64130108,all_train
8/14/2017 15:59:59,80.68586425,60.60057342,all_train
8/14/2017 16:59:59,81.02079329,59.26298141,all_train
8/14/2017 18:59:59,82.23482302,61.92012318,all_train
8/15/2017 18:59:59,85.81575846,63.62030923,all_train
8/15/2017 19:59:59,84.16311676,61.75395315,all_train
8/15/2017 20:59:59,83.5108405,60.33260878,all_train
8/15/2017 21:59:59,82.77475954,62.18251207,all_train
8/15/2017 22:59:59,79.75706525,56.15588368,all_train
8/15/2017 23:59:59,83.5250196,61.51016962,all_train
8/16/2017 0:59:59,82.79873288,61.77389687,all_train
8/16/2017 2:59:59,86.30427507,70.1825813,all_train
8/16/2017 3:59:59,84.71413304,69.62666438,all_train
8/16/2017 4:59:59,84.94393441,65.65435766,all_train
8/16/2017 5:59:59,85.78447155,63.65835774,all_train
8/16/2017 6:59:59,86.65527833,60.51966131,all_train
8/16/2017 7:59:59,86.87250449,60.50762296,all_train
8/16/2017 8:59:59,89.43517346,62.59343385,all_train
8/16/2017 9:59:59,89.33836649,61.50789269,all_train
8/16/2017 10:59:59,89.03275413,56.28024905,all_train
8/16/2017 11:59:59,89.5122837,55.80173567,all_train
8/16/2017 12:59:59,88.51432121,48.83063349,all_train
8/16/2017 13:59:59,89.90007251,51.91786673,all_train
8/16/2017 14:59:59,87.77868755,53.81398488,all_train
8/16/2017 15:59:59,87.46469653,53.38351875,all_train
8/16/2017 19:59:59,90.6449768,70.07016854,all_train
8/21/2017 0:59:59,92.28850648,78.47650801,all_train
8/21/2017 1:59:59,89.09905062,69.19998193,all_train
8/21/2017 2:59:59,89.04486919,64.93562581,all_train
8/21/2017 3:59:59,90.14757697,69.11025073,all_train
8/21/2017 4:59:59,89.50646771,71.09523386,all_train
8/21/2017 5:59:59,91.3639572,71.59043599,all_train
8/21/2017 6:59:59,91.4102634,71.07398262,all_train
8/21/2017 7:59:59,92.38359685,70.53611315,all_train
8/21/2017 8:59:59,92.36884853,70.69650246,all_train
8/21/2017 9:59:59,91.44554078,68.54091485,all_train
8/21/2017 10:59:59,90.57718358,67.96815566,all_train
8/21/2017 11:59:59,91.28786256,70.49444635,all_train
8/21/2017 12:59:59,91.41738995,71.65997205,all_train
8/21/2017 13:59:59,90.98623442,71.47918307,all_train
8/21/2017 14:59:59,92.02715078,73.90878197,all_train
8/21/2017 15:59:59,91.72372222,71.41342037,all_train
8/21/2017 16:59:59,91.00387803,61.36122922,all_train
8/21/2017 17:59:59,91.86545103,63.58210121,all_train
8/21/2017 18:59:59,91.01261886,66.76149286,all_train
8/21/2017 19:59:59,90.2266482,66.02644802,all_train
8/21/2017 20:59:59,89.95167902,65.90482765,all_train
8/21/2017 21:59:59,90.36710386,65.6081107,all_train
8/21/2017 22:59:59,90.76063515,67.31338298,all_train
8/21/2017 23:59:59,91.99011999,70.78806915,all_train
8/22/2017 0:59:59,92.32722278,70.55426969,all_train
8/22/2017 1:59:59,92.23030411,69.17179475,all_train
8/22/2017 2:59:59,90.73097274,65.77805026,all_train
8/22/2017 17:59:59,92.09460876,67.37065584,all_train
8/22/2017 18:59:59,92.48391324,67.47500522,all_train
8/27/2017 15:59:59,85.22708266,68.01418727,all_train
8/27/2017 20:59:59,88.58391563,74.16316472,all_train
8/27/2017 21:59:59,84.3138447,67.23207917,all_train
8/27/2017 22:59:59,82.69024197,60.78352467,all_train
8/27/2017 23:59:59,86.44016258,69.17816331,all_train
8/28/2017 0:59:59,85.66018512,65.74453196,all_train
8/28/2017 1:59:59,83.85645007,60.95531056,all_train
8/28/2017 2:59:59,78.10877369,43.94348045,all_train
8/28/2017 9:59:59,89.04020649,68.4056445,all_train
8/29/2017 0:59:59,85.44085673,68.69815244,all_train
8/29/2017 1:59:59,84.22480128,70.06356142,all_train
8/29/2017 2:59:59,82.54009412,68.34012671,all_train
8/29/2017 11:59:59,85.858357,68.51222374,all_train
8/29/2017 13:59:59,80.08399371,48.25557899,all_train
8/29/2017 14:59:59,80.45029839,52.04509355,all_train
8/29/2017 15:59:59,79.97033752,56.31706783,all_train
8/29/2017 20:59:59,81.1804816,60.24040989,all_train
8/30/2017 1:59:59,82.14640101,61.66308847,all_train
8/30/2017 10:59:59,87.99599807,66.72504221,all_train
8/30/2017 11:59,86.79134337,60.91122603,all_train
8/30/2017 21:59:59,86.61591198,66.09588273,all_train
8/31/2017 4:59:59,85.00764403,65.56113633,all_train
8/31/2017 5:59:59,85.2084179,64.3399162,all_train
8/31/2017 11:59:59,86.60437712,71.11656658,all_train
8/31/2017 12:59:59,82.36475432,69.37386876,all_train
8/31/2017 16:59:59,84.47748787,66.69887844,all_train
8/31/2017 17:59:59,84.76313742,68.56120327,all_train
2/23/2018 7:59:59,95.00102686,76.25384992,all_train
3/16/2018 23:59:59,93.28908001,71.1634844,all_train
3/17/2018 0:59:59,94.089387,70.30349115,all_train
3/17/2018 1:59:59,94.25700796,70.68661043,all_train
3/17/2018 2:59:59,95.13281945,73.56897065,all_train
3/17/2018 3:59:59,95.48209486,72.3301091,all_train
3/17/2018 4:59:59,93.91820535,71.1649233,all_train
3/25/2018 9:59:59,91.6124964,70.79451712,all_train
3/25/2018 10:59:59,91.52760333,71.24725506,all_train
3/25/2018 11:59:59,90.89138393,69.29107204,all_train
3/25/2018 12:59:59,89.82403666,66.6079074,all_train
4/26/2018 22:59:59,95.22311232,72.88458047,all_train
4/26/2018 23:59:59,92.63846097,66.33911811,all_train
4/28/2018 18:59:59,90.55837894,72.66221965,all_train
5/20/2018 3:59:59,85.81842165,68.65746964,all_train
5/20/2018 4:59:59,85.96565264,68.08980268,all_train
5/20/2018 5:59:59,86.39144818,68.37454169,all_train
5/20/2018 12:59:59,86.04331124,69.27266791,all_train
6/1/2018 7:59:59,90.35072702,52.46478453,all_train
6/1/2018 8:59,89.47783434,54.51816123,all_train
6/1/2018 9:59,90.61943088,58.02407163,all_train
6/1/2018 12:59,92.219308,80.53986499,all_train
6/1/2018 13:59,91.84809916,75.87332909,all_train
6/1/2018 14:59,89.9685026,65.97613695,all_train
6/1/2018 19:59:59,91.02157765,74.37350599,all_train
6/1/2018 20:59:59,90.99691342,74.81375743,all_train
6/1/2018 23:59:59,89.79552315,74.17791459,all_train
6/2/2018 0:59:59,89.55854264,71.33142856,all_train
6/2/2018 1:59:59,89.54841434,64.61870588,all_train
6/2/2018 2:59:59,89.87817722,54.90910753,all_train
6/2/2018 3:59:59,89.74015081,61.92850456,all_train
6/2/2018 4:59:59,89.63230242,65.6455218,all_train
6/2/2018 6:59:59,88.20859378,72.00612026,all_train
6/2/2018 7:59:59,89.87600887,70.31262659,all_train
6/2/2018 8:59:59,91.09043168,70.91740875,all_train
6/2/2018 9:59:59,89.63906935,71.73409348,all_train
6/2/2018 21:59:59,91.85913035,74.61739315,all_train
6/2/2018 22:59:59,91.63473385,73.31274535,all_train
6/2/2018 23:59:59,90.77904442,72.44442734,all_train
6/3/2018 0:59:59,90.11335341,70.42137063,all_train
6/3/2018 1:59:59,89.64910987,71.07755553,all_train
6/3/2018 6:59:59,92.9012686,49.5417582,all_train
6/3/2018 7:59:59,93.64202036,71.58717623,all_train
6/3/2018 8:59:59,92.5352804,67.48950475,all_train
6/3/2018 9:59:59,92.74789138,69.73935364,all_train
6/3/2018 13:59:59,92.09908363,84.4183991,all_train
6/3/2018 17:59:59,92.20959216,78.9459515,all_train
6/3/2018 18:59:59,93.18264961,86.18224426,all_train
6/3/2018 19:59:59,92.04534922,82.51508307,all_train
6/3/2018 22:59:59,94.20889065,77.68886554,all_train
6/3/2018 23:59:59,94.60345787,82.10879332,all_train
6/4/2018 0:59:59,94.48687804,82.35503207,all_train
6/4/2018 1:59:59,93.96325546,76.47356003,all_train
6/4/2018 2:59:59,92.98522936,69.91673178,all_train
6/4/2018 3:59:59,93.52590825,73.04583671,all_train
6/4/2018 4:59:59,93.30853926,74.25406708,all_train
6/4/2018 5:59:59,92.58062933,69.21341239,all_train
6/4/2018 6:59:59,91.55539937,70.59209323,all_train
6/4/2018 7:59:59,91.96641579,71.53710224,all_train
6/4/2018 8:59:59,88.09879853,67.85652573,all_train
6/4/2018 9:59:59,88.77948298,65.85009031,all_train
6/4/2018 10:59:59,92.21292307,72.60597313,all_train
6/4/2018 11:59:59,91.82155097,70.93976342,all_train
6/4/2018 12:59:59,90.48721342,73.01912373,all_train
6/4/2018 13:59:59,88.13619645,69.1415816,all_train
6/4/2018 14:59:59,89.15025542,72.83184215,all_train
6/4/2018 15:59:59,90.81910789,75.98779028,all_train
6/4/2018 16:59:59,90.75392258,70.66419746,all_train
6/4/2018 17:59:59,90.30900251,68.9709633,all_train
6/4/2018 18:59:59,89.35551745,70.14539992,all_train
6/4/2018 19:59:59,85.72091152,64.42679843,all_train
6/5/2018 17:59:59,91.86865997,73.47475308,all_train
6/5/2018 18:59:59,91.24295436,69.83247549,all_train
6/5/2018 19:59:59,94.7175691,78.45918977,all_train
6/5/2018 20:59:59,92.73601959,71.07006932,all_train
6/5/2018 21:59:59,92.05322235,70.62522997,all_train
6/5/2018 22:59:59,94.04704518,74.44559338,all_train
6/5/2018 23:59:59,93.39948007,70.80666012,all_train
6/6/2018 0:59:59,92.46122571,60.2284906,all_train
6/6/2018 1:59:59,92.19850642,97.5470676,all_train
6/6/2018 4:59:59,92.08812453,76.4488176,all_train
6/6/2018 5:59:59,92.24706397,72.06231167,all_train
6/6/2018 6:59:59,91.14015995,66.55768822,all_train
6/6/2018 7:59:59,90.98041165,67.6432143,all_train
6/6/2018 8:59:59,90.55419986,88.36245296,all_train
6/6/2018 9:59:59,89.93324228,77.28171058,all_train
6/6/2018 12:59:59,94.1343269,72.63151049,all_train
6/6/2018 13:59:59,91.65951199,63.92674471,all_train
6/6/2018 14:59:59,91.36935313,70.81757301,all_train
6/6/2018 15:59:59,94.00198314,82.19655252,all_train
6/6/2018 18:59:59,95.77707397,68.89720965,all_train
6/6/2018 19:59:59,96.4816809,70.49525742,all_train
6/6/2018 20:59:59,96.66656654,73.20609273,all_train
6/6/2018 21:59:59,94.30200993,68.62220214,all_train
6/6/2018 22:59:59,91.99766596,61.014129,all_train
6/6/2018 23:59:59,90.19484482,50.27289467,all_train
6/7/2018 0:59:59,89.52151785,54.40946181,all_train
6/7/2018 1:59:59,90.00644122,61.33448517,all_train
6/7/2018 2:59:59,92.30104757,56.76384368,all_train
6/7/2018 3:59:59,91.75010329,52.98502647,all_train
6/7/2018 4:59:59,90.39623748,37.28772746,all_train
6/7/2018 7:59:59,86.8816804,60.53968376,all_train
6/7/2018 10:59:59,93.32270286,67.88587955,all_train
6/7/2018 11:59:59,92.88537326,61.54443665,all_train
6/7/2018 12:59:59,92.58856327,60.0150662,all_train
6/8/2018 0:59:59,87.79454177,64.22712618,all_train
6/8/2018 1:59:59,90.14179194,69.86891865,all_train
6/8/2018 2:59:59,90.3021064,70.82155499,all_train
6/8/2018 3:59:59,90.32759236,69.60855969,all_train
6/8/2018 4:59:59,88.39526349,63.11511623,all_train
6/8/2018 5:59:59,89.15289313,59.02338594,all_train
6/8/2018 6:59:59,90.66986781,63.18592606,all_train
6/8/2018 7:59:59,91.26766783,65.00581552,all_train
6/8/2018 8:59:59,90.45958311,63.94206795,all_train
6/8/2018 9:59:59,90.85733008,63.08528344,all_train
6/8/2018 10:59:59,90.8307694,62.33643554,all_train
6/8/2018 11:59:59,90.3116783,59.95681271,all_train
6/8/2018 12:59:59,91.07956102,64.90315699,all_train
6/8/2018 13:59:59,92.5765036,68.76816816,all_train
6/8/2018 14:59:59,91.59585247,70.49052649,all_train
6/8/2018 15:59:59,90.64839186,69.7052892,all_train
6/8/2018 16:59:59,89.96341877,70.45882007,all_train
6/8/2018 17:59:59,88.06719969,66.97621742,all_train
6/8/2018 20:59:59,86.81720683,66.39134359,all_train
6/8/2018 21:59:59,88.2078961,69.46076287,all_train
6/8/2018 22:59:59,86.06994796,68.62150525,all_train
6/8/2018 23:59:59,85.20838109,66.45959846,all_train
6/9/2018 0:59:59,89.02439378,71.97419874,all_train
6/9/2018 1:59:59,89.62764313,71.96214155,all_train
6/9/2018 2:59:59,90.8122529,71.74946591,all_train
6/9/2018 3:59:59,88.68409079,80.55652615,all_train
6/9/2018 4:59:59,88.61253022,68.51174037,all_train
6/9/2018 5:59:59,89.89838348,63.21639319,all_train
6/9/2018 6:59:59,90.78905123,62.11498204,all_train
6/9/2018 7:59:59,90.73541609,61.78835323,all_train
6/9/2018 8:59:59,88.48975149,54.46641128,all_train
6/9/2018 11:59:59,90.8205228,69.3086485,all_train
6/9/2018 12:59:59,91.09792826,69.05596667,all_train
6/9/2018 13:59:59,90.10050748,67.00959071,all_train
6/9/2018 14:59:59,88.03879564,59.29605141,all_train
6/9/2018 17:59:59,87.27276083,57.36568903,all_train
6/9/2018 18:59:59,88.4244621,57.66266958,all_train
6/9/2018 19:59:59,87.89982636,60.3992981,all_train
6/9/2018 20:59:59,87.09318568,63.44739288,all_train
6/9/2018 21:59:59,86.1487555,60.88841914,all_train
6/9/2018 22:59:59,86.94263085,65.84167343,all_train
6/9/2018 23:59:59,87.19213564,69.17847408,all_train
6/10/2018 0:59:59,88.07841531,70.75485208,all_train
6/10/2018 1:59:59,87.34132203,69.31907003,all_train
6/10/2018 2:59:59,86.15598262,67.56153055,all_train
6/10/2018 3:59:59,86.22337528,66.63287003,all_train
6/10/2018 4:59:59,86.32612674,69.1350274,all_train
6/10/2018 18:59:59,90.12546611,88.19626922,all_train
6/10/2018 19:59:59,92.50007858,76.06217507,all_train
6/10/2018 20:59:59,92.95744559,75.93273445,all_train
6/10/2018 21:59:59,92.93687903,78.00728316,all_train
6/10/2018 22:59:59,88.86745355,69.62509461,all_train
6/10/2018 23:59:59,90.81227167,73.70357022,all_train
6/11/2018 0:59:59,91.91040849,87.69122228,all_train
6/11/2018 2:59:59,91.48222242,82.29014931,all_train
6/11/2018 3:59:59,88.7461247,82.81392953,all_train
6/11/2018 4:59:59,85.54982402,73.16405172,all_train
6/11/2018 6:59:59,83.77860473,71.16384926,all_train
6/11/2018 7:59:59,83.49744428,70.33337535,all_train
6/11/2018 18:59:59,84.60127199,73.8606773,all_train
6/11/2018 19:59:59,86.71493259,73.08952758,all_train
6/11/2018 22:59:59,87.20961963,71.46448546,all_train
6/12/2018 3:59:59,88.89850048,69.8128389,all_train
6/12/2018 4:59:59,88.73932536,71.76099918,all_train
6/15/2018 19:59:59,87.17422889,72.71156899,all_train
6/16/2018 3:59:59,86.26222543,67.79537416,all_train
6/16/2018 4:59:59,86.90080261,65.05523798,all_train
6/16/2018 5:59:59,89.10507001,66.52695676,all_train
6/16/2018 6:59:59,88.67378328,67.75613774,all_train
6/16/2018 7:59:59,86.89369036,63.3204066,all_train
6/16/2018 9:59:59,87.15814509,63.10938768,all_train
6/16/2018 10:59:59,85.77294908,63.9729373,all_train
6/16/2018 13:59:59,87.87380442,59.00193586,all_train
6/16/2018 14:59:59,88.66193104,64.29927379,all_train
6/16/2018 15:59:59,88.703003,64.68542276,all_train
6/16/2018 16:59:59,86.64549454,61.19306878,all_train
6/16/2018 22:59:59,87.0003711,66.78820066,all_train
6/17/2018 1:59:59,89.23337501,68.55415979,all_train
6/17/2018 2:59:59,89.01631559,66.37545542,all_train
6/17/2018 3:59:59,87.74610552,62.75168887,all_train
6/17/2018 4:59:59,84.30171379,53.60586622,all_train
6/17/2018 5:59:59,88.08135073,65.9856964,all_train
6/17/2018 6:59:59,85.30985388,64.68039878,all_train
6/17/2018 7:59:59,86.30515153,64.5349918,all_train
6/17/2018 14:59:59,87.04810936,68.61416242,all_train
6/17/2018 15:59:59,87.0221298,68.64246467,all_train
6/17/2018 23:59:59,87.22888037,69.76943594,all_train
6/18/2018 0:59:59,87.55908425,69.06579744,all_train
6/18/2018 7:59:59,88.46019415,71.51365057,all_train
6/18/2018 8:59:59,87.49523943,70.10330214,all_train
6/18/2018 9:59:59,88.09973283,68.35418054,all_train
6/18/2018 10:59:59,88.73670769,68.79230301,all_train
6/18/2018 11:59:59,88.48422812,68.10849348,all_train
6/18/2018 12:59:59,89.43996013,67.7365395,all_train
6/18/2018 13:59:59,89.13243362,70.54831054,all_train
6/18/2018 14:59:59,87.53771892,66.05620733,all_train
6/18/2018 15:59:59,87.17010132,68.03697336,all_train
6/18/2018 16:59:59,86.76606299,68.79774943,all_train
6/18/2018 17:59:59,85.82632856,65.65313572,all_train
6/18/2018 18:59:59,84.86780872,63.07319139,all_train
6/18/2018 19:59:59,84.907279,65.49283316,all_train
6/18/2018 20:59:59,85.87501883,66.71361039,all_train
6/18/2018 21:59:59,85.20162306,65.72394038,all_train
6/18/2018 22:59:59,85.31983898,65.20749642,all_train
6/21/2018 6:59:59,90.86678313,81.50086461,all_train
6/30/2018 10:59:59,92.57300177,72.64909603,all_train
6/30/2018 11:59:59,95.86075581,77.35045907,all_train
6/30/2018 12:59:59,94.09002844,72.71256765,all_train
6/30/2018 13:59:59,94.43200465,65.01709445,all_train
6/30/2018 14:59:59,94.55728788,66.9123736,all_train
6/30/2018 15:59:59,93.37111255,67.59322221,all_train
6/30/2018 16:59:59,94.70431154,69.97516306,all_train
6/30/2018 17:59:59,95.17138441,66.89053651,all_train
6/30/2018 20:59:59,94.19339604,66.02917911,all_train
6/30/2018 21:59:59,88.65991624,64.44032313,all_train
6/30/2018 22:59:59,84.54743794,62.22375858,all_train
6/30/2018 23:59:59,81.94730848,62.46442387,all_train
7/1/2018 0:59:59,78.24994563,61.05323471,all_train
7/1/2018 1:59:59,78.59273486,62.57886205,all_train
7/1/2018 2:59:59,82.31523495,66.87515114,all_train
7/1/2018 3:59:59,83.18197446,66.46831363,all_train
7/1/2018 4:59:59,82.74188013,65.42845895,all_train
7/1/2018 5:59:59,84.06582306,66.16712,all_train
7/1/2018 6:59:59,85.07488951,66.82457824,all_train
7/1/2018 7:59:59,84.59025176,68.1060289,all_train
7/1/2018 8:59:59,85.13838472,67.64050294,all_train
7/1/2018 9:59:59,84.1577221,65.95499193,all_train
7/1/2018 10:59:59,81.98400183,64.19694251,all_train
7/1/2018 11:59:59,80.91915796,63.38233424,all_train
7/1/2018 12:59:59,78.12482458,61.73125626,all_train
7/1/2018 13:59:59,78.83855642,63.43884994,all_train
7/1/2018 14:59:59,81.31964017,63.93509808,all_train
7/1/2018 15:59:59,82.3823882,64.98503288,all_train
7/1/2018 16:59:59,81.40176216,62.43588417,all_train
7/1/2018 17:59:59,78.26109148,60.60138316,all_train
7/1/2018 18:59:59,77.51070318,60.82830045,all_train
7/1/2018 19:59:59,81.16812136,63.79455474,all_train
7/1/2018 20:59:59,87.68587354,67.05160435,all_train
7/1/2018 21:59:59,92.13770361,69.74931137,all_train
7/1/2018 22:59:59,94.38594445,71.57935216,all_train
7/1/2018 23:59:59,94.15739848,70.86883254,all_train
7/2/2018 0:59:59,93.98591812,71.32658699,all_train
7/2/2018 1:59:59,95.16012856,70.66469923,all_train
7/2/2018 2:59:59,95.9355437,72.82957738,all_train
7/2/2018 3:59:59,96.44142286,73.31628581,all_train
7/2/2018 4:59:59,96.27363678,74.61149914,all_train
7/2/2018 5:59:59,95.32027889,70.15284435,all_train
7/2/2018 7:59:59,95.33508316,73.99055999,all_train
7/2/2018 8:59:59,96.56415523,72.48545287,all_train
7/2/2018 10:59:59,89.75268417,65.2153664,all_train
7/2/2018 13:59:59,94.57423402,70.86051988,all_train
7/2/2018 14:59:59,92.29994474,69.79073588,all_train
7/2/2018 15:59:59,93.36333563,67.40445056,all_train
7/2/2018 16:59:59,93.27200024,63.06651496,all_train
7/2/2018 23:59:59,95.36672895,74.1608811,all_train
7/3/2018 15:59:59,92.03709483,75.21161556,all_train
7/3/2018 16:59:59,93.02516495,76.87776674,all_train
7/3/2018 17:59:59,92.18830016,75.26337439,all_train
7/3/2018 19:59:59,92.85707242,75.30848725,all_train
7/3/2018 20:59:59,94.80877142,75.7088987,all_train
7/3/2018 21:59:59,95.36620371,76.91468649,all_train
7/3/2018 22:59:59,95.42711933,76.28231823,all_train
7/3/2018 23:59:59,95.43003939,73.42809537,all_train
7/4/2018 0:59:59,94.83301377,72.478222,all_train
7/4/2018 1:59:59,95.77227523,77.55715044,all_train
7/4/2018 2:59:59,95.66803047,77.58590524,all_train
7/4/2018 3:59:59,94.5715881,72.6048691,all_train
7/4/2018 4:59:59,95.22575656,74.87543946,all_train
7/4/2018 5:59:59,96.10718107,77.90835402,all_train
7/4/2018 6:59:59,94.69896477,72.87831092,all_train
7/4/2018 7:59:59,94.86691654,75.09365283,all_train
7/4/2018 8:59:59,94.28979281,75.02273301,all_train
7/4/2018 9:59:59,95.42188402,77.19291307,all_train
7/4/2018 10:59:59,94.76428245,76.32981876,all_train
7/4/2018 11:59:59,93.2589848,74.34250219,all_train
7/4/2018 12:59:59,92.4526231,74.09027234,all_train
7/4/2018 13:59:59,91.42249692,71.94393455,all_train
7/4/2018 14:59:59,91.43186637,69.3922147,all_train
7/4/2018 15:59:59,92.21677926,70.66791646,all_train
7/4/2018 16:59:59,93.54667781,70.22892,all_train
7/4/2018 17:59:59,92.06457462,64.66906667,all_train
7/4/2018 18:59:59,94.17339891,71.97121279,all_train
7/4/2018 19:59:59,93.63472866,72.47021769,all_train
7/4/2018 20:59:59,93.51368407,71.66918741,all_train
7/4/2018 21:59:59,93.59646838,72.32076951,all_train
7/4/2018 22:59:59,93.56409346,71.53197981,all_train
7/4/2018 23:59:59,93.30644244,70.62203519,all_train
7/5/2018 0:59:59,93.65085148,73.68175692,all_train
7/5/2018 1:59:59,93.89398853,75.01951793,all_train
7/5/2018 7:59:59,94.22519235,76.29923021,all_train
7/5/2018 8:59:59,91.24714242,71.97738863,all_train
7/5/2018 9:59:59,91.20288725,68.00683666,all_train
7/5/2018 10:59:59,93.18724544,68.8037692,all_train
7/5/2018 18:59:59,82.42291621,50.23964401,all_train
7/5/2018 19:59:59,90.4992145,67.2928178,all_train
7/5/2018 20:59:59,90.135066,66.86301104,all_train
7/5/2018 21:59:59,90.07114785,63.51714931,all_train
7/5/2018 22:59:59,89.05998288,61.74912425,all_train
7/5/2018 23:59:59,89.08757658,61.57161661,all_train
7/6/2018 0:59:59,90.89966342,65.57391076,all_train
7/6/2018 1:59:59,88.0294032,56.68718949,all_train
7/6/2018 9:59:59,92.73578824,50.94514489,all_train
7/6/2018 14:59:59,94.96787941,48.8250663,all_train
7/6/2018 15:59:59,94.77506179,54.55044312,all_train
7/6/2018 16:59:59,93.70030268,58.52752329,all_train
7/6/2018 17:59:59,95.13498695,73.35318334,all_train
7/6/2018 18:59:59,94.83831877,65.08036453,all_train
7/6/2018 19:59:59,96.24698996,70.5578015,all_train
7/6/2018 20:59:59,96.30334204,72.31071027,all_train
7/6/2018 21:59:59,95.30222442,74.3032234,all_train
7/7/2018 3:59:59,97.31071604,75.21293243,all_train
7/7/2018 4:59:59,94.00465043,69.95596017,all_train
7/7/2018 6:59:59,92.8882348,71.34326002,all_train
7/7/2018 10:59:59,89.78904162,72.29470008,all_train
7/7/2018 11:59:59,91.02050164,77.23672599,all_train
7/7/2018 12:59:59,90.61358978,76.50790991,all_train
7/7/2018 16:59:59,87.10509166,69.21359634,all_train
7/7/2018 18:59:59,91.29172121,76.6007707,all_train
7/7/2018 19:59:59,91.58810343,76.23308822,all_train
7/7/2018 20:59:59,91.18076537,75.35368165,all_train
7/7/2018 21:59:59,91.32674101,75.29187167,all_train
7/7/2018 22:59:59,88.52187503,70.12914202,all_train
7/7/2018 23:59:59,88.48511606,69.01857095,all_train
7/8/2018 1:59:59,89.52266896,74.58209033,all_train
7/8/2018 2:59:59,89.85556752,74.25255566,all_train
7/8/2018 3:59:59,89.64263433,75.50942969,all_train
7/8/2018 4:59:59,88.99638282,72.42699099,all_train
7/8/2018 5:59:59,90.46197441,75.31093044,all_train
7/8/2018 6:59:59,89.93106952,75.56683784,all_train
7/8/2018 7:59:59,90.90115515,77.30995184,all_train
7/8/2018 8:59:59,91.09859511,76.91610575,all_train
7/8/2018 9:59:59,89.9123191,73.57644899,all_train
7/8/2018 10:59:59,88.21550066,72.01511899,all_train
7/8/2018 11:59:59,87.99784302,72.16396866,all_train
7/8/2018 12:59:59,87.73221292,71.914108,all_train
7/8/2018 13:59:59,87.70183718,73.87733485,all_train
7/8/2018 17:59:59,86.51352539,73.15607364,all_train
7/8/2018 18:59:59,87.99997437,73.44486427,all_train
7/8/2018 23:59:59,86.68214271,67.87778733,all_train
7/9/2018 0:59:59,88.60595817,69.70791629,all_train
7/9/2018 1:59:59,87.15309523,67.88776456,all_train
7/9/2018 2:59:59,85.51235642,69.68100757,all_train
7/9/2018 3:59:59,88.04548727,73.09712716,all_train
7/9/2018 4:59:59,88.94043679,74.19117866,all_train
7/9/2018 5:59:59,88.79409792,76.15335191,all_train
7/9/2018 6:59:59,87.16309413,73.70974251,all_train
7/9/2018 7:59:59,86.77167338,69.30139219,all_train
7/9/2018 8:59:59,88.43339421,71.39821624,all_train
7/9/2018 9:59:59,92.13776569,75.53015609,all_train
7/9/2018 10:59:59,90.77957843,73.40895003,all_train
7/9/2018 11:59:59,91.69584965,75.99493007,all_train
7/9/2018 12:59:59,93.38380472,79.50238731,all_train
7/9/2018 13:59:59,90.15295491,77.94817622,all_train
7/9/2018 14:59:59,86.84688399,75.2445797,all_train
7/9/2018 15:59:59,85.53375753,71.64160411,all_train
7/9/2018 16:59:59,85.53375753,71.64160411,all_train
7/9/2018 17:59:59,85.53375753,71.64160411,all_train
7/9/2018 18:59:59,89.83056255,74.24450881,all_train
7/9/2018 19:59:59,89.16958577,74.61121073,all_train
7/9/2018 20:59:59,86.6253067,73.69425438,all_train
7/9/2018 21:59:59,86.28558663,69.42694425,all_train
7/9/2018 22:59:59,86.18533038,67.6293887,all_train
7/9/2018 23:59:59,91.48562343,74.70178944,all_train
7/10/2018 0:59:59,94.52616535,79.00967566,all_train
7/10/2018 1:59:59,96.52858868,82.78735202,all_train
7/10/2018 2:59:59,97.17672639,84.05794845,all_train
7/10/2018 3:59:59,96.84358804,82.849627,all_train
7/10/2018 4:59:59,95.43938149,81.44456875,all_train
7/10/2018 5:59:59,93.77606621,78.88229797,all_train
7/10/2018 6:59:59,90.28883022,74.14363262,all_train
7/10/2018 7:59:59,89.1467145,70.11238419,all_train
7/10/2018 8:59:59,91.63470235,70.620428,all_train
7/10/2018 9:59:59,95.58396401,77.71249915,all_train
7/10/2018 10:59:59,95.87291834,79.27464176,all_train
7/10/2018 11:59:59,94.10858483,75.39568871,all_train
7/10/2018 12:59:59,94.10601137,75.86734697,all_train
7/10/2018 13:59:59,94.87261542,75.47427521,all_train
7/10/2018 14:59:59,93.2868111,74.16729591,all_train
7/10/2018 15:59:59,93.80121268,76.23110785,all_train
7/10/2018 16:59:59,94.85319864,77.75239469,all_train
7/10/2018 17:59:59,95.16823154,76.02274999,all_train
7/10/2018 18:59:59,95.44721925,76.22407936,all_train
7/10/2018 19:59:59,93.22522971,71.83259208,all_train
7/10/2018 20:59:59,95.30839214,73.07974914,all_train
7/10/2018 21:59:59,97.48588394,80.86069202,all_train
7/10/2018 22:59:59,96.76126205,81.05972235,all_train
7/10/2018 23:59:59,95.51855116,80.76190639,all_train
7/11/2018 0:59:59,92.74346216,77.4873607,all_train
7/11/2018 1:59:59,93.08898784,78.00163001,all_train
7/11/2018 2:59:59,93.99967088,78.71573124,all_train
7/11/2018 3:59:59,93.14351849,73.69963833,all_train
7/11/2018 4:59:59,93.78222571,75.00400482,all_train
7/11/2018 5:59:59,93.88797132,76.40454715,all_train
7/11/2018 6:59:59,93.43516478,77.09494915,all_train
7/11/2018 7:59:59,94.00064254,76.40354466,all_train
7/11/2018 8:59:59,95.28532607,76.18309445,all_train
7/11/2018 9:59:59,94.46265812,75.40942034,all_train
7/11/2018 10:59:59,93.01196765,72.14618439,all_train
7/11/2018 11:59:59,94.29018125,74.96120291,all_train
7/11/2018 12:59:59,94.22974265,76.82660517,all_train
7/11/2018 13:59:59,92.88737127,73.28083204,all_train
7/11/2018 14:59:59,92.43627595,72.29985309,all_train
7/11/2018 15:59:59,92.96346355,71.00975226,all_train
7/11/2018 16:59:59,93.36377152,68.83733929,all_train
7/11/2018 17:59:59,94.19190061,68.2486484,all_train
7/11/2018 18:59:59,93.76803092,68.17810959,all_train
7/11/2018 19:59:59,93.7489977,67.00227611,all_train
7/11/2018 20:59:59,94.6049795,70.02893937,all_train
7/11/2018 21:59:59,96.75253057,76.26334867,all_train
7/11/2018 22:59:59,97.50888959,76.17692278,all_train
7/11/2018 23:59:59,97.25161776,73.25489227,all_train
7/12/2018 0:59:59,96.66684732,57.89874283,all_train
7/12/2018 1:59:59,97.3014965,68.96121374,all_train
7/12/2018 2:59:59,97.2505509,63.14944115,all_train
7/12/2018 3:59:59,96.45914829,65.89865743,all_train
7/12/2018 4:59:59,96.20603719,69.03003129,all_train
7/12/2018 5:59:59,96.03335164,62.5286907,all_train
7/12/2018 6:59:59,95.95925379,54.77319344,all_train
7/12/2018 7:59:59,96.01551606,55.80549464,all_train
7/12/2018 8:59:59,96.28481087,61.76943353,all_train
7/12/2018 9:59:59,95.19852555,65.47033043,all_train
7/12/2018 10:59:59,95.43333301,66.2962531,all_train
7/12/2018 11:59:59,95.18322736,61.50610561,all_train
7/12/2018 12:59:59,95.83009357,58.41111555,all_train
7/12/2018 13:59:59,95.78506733,64.18415627,all_train
7/12/2018 14:59:59,96.63373524,67.98298236,all_train
7/12/2018 15:59:59,96.45337987,70.8897611,all_train
7/12/2018 16:59:59,93.75312336,64.03253704,all_train
7/12/2018 17:59:59,91.78742116,56.78441769,all_train
7/12/2018 18:59:59,94.0404564,57.72372005,all_train
7/12/2018 19:59:59,95.49116415,58.47597077,all_train
7/12/2018 20:59:59,96.30469846,66.08208032,all_train
7/12/2018 21:59:59,94.28789732,60.45321744,all_train
7/12/2018 22:59:59,92.90897834,58.99902148,all_train
7/12/2018 23:59:59,94.17654104,63.98306503,all_train
7/13/2018 0:59:59,93.09274796,64.94748256,all_train
7/13/2018 1:59:59,92.62311789,64.19295723,all_train
7/13/2018 2:59:59,92.40772065,66.17505271,all_train
7/13/2018 3:59:59,92.1254764,62.18427716,all_train
7/13/2018 4:59:59,92.78565101,66.98568279,all_train
7/13/2018 5:59:59,91.71847408,68.32523933,all_train
7/13/2018 6:59:59,89.07865987,57.09430651,all_train
7/13/2018 7:59:59,90.78959675,61.14705199,all_train
7/13/2018 8:59:59,91.49812251,66.20149188,all_train
7/13/2018 9:59:59,90.3813476,67.77576189,all_train
7/13/2018 10:59:59,89.84832534,66.23122304,all_train
7/13/2018 11:59:59,90.99246638,69.198761,all_train
7/13/2018 12:59:59,91.74350199,68.88414725,all_train
7/13/2018 13:59:59,90.56242528,68.92432713,all_train
7/13/2018 14:59:59,89.97094494,69.32741626,all_train
7/13/2018 15:59:59,91.28534595,71.5082528,all_train
7/13/2018 16:59:59,89.776585,70.43872131,all_train
7/13/2018 17:59:59,89.78598612,70.95133763,all_train
7/13/2018 18:59:59,91.79078642,72.96292322,all_train
7/13/2018 19:59:59,92.33997433,72.95082078,all_train
7/13/2018 20:59:59,91.55922792,73.54092059,all_train
7/13/2018 21:59:59,91.10646915,69.48655536,all_train
7/13/2018 22:59:59,91.27883688,70.92782325,all_train
7/13/2018 23:59:59,90.17808586,69.91141926,all_train
7/14/2018 0:59:59,90.04321246,71.16655158,all_train
7/14/2018 1:59:59,90.59322108,73.81715038,all_train
7/14/2018 2:59:59,89.92038316,71.91853974,all_train
7/14/2018 3:59:59,90.46035948,74.05676363,all_train
7/14/2018 4:59:59,92.02709445,74.37757238,all_train
7/14/2018 5:59:59,90.20016007,74.48663201,all_train
7/15/2018 0:59:59,90.59500945,73.4550753,all_train
7/15/2018 1:59:59,88.98004824,73.25837827,all_train
7/15/2018 20:59:59,83.59677274,60.25974765,all_train
7/16/2018 16:59:59,84.09773932,67.91886036,all_train
7/16/2018 17:59:59,87.12335744,69.53125755,all_train
7/16/2018 18:59:59,89.28813423,70.43225584,all_train
7/16/2018 19:59:59,89.81064446,69.31332276,all_train
7/16/2018 20:59:59,83.91653986,61.41921352,all_train
7/16/2018 21:59:59,86.99797375,66.00848069,all_train
7/16/2018 22:59:59,89.36667496,72.37058051,all_train
7/16/2018 23:59:59,90.33356234,73.27340785,all_train
7/17/2018 0:59:59,89.82416822,72.62331966,all_train
7/17/2018 1:59:59,87.20131992,69.02438161,all_train
7/17/2018 2:59:59,88.76913993,69.28648888,all_train
7/17/2018 3:59:59,92.98751118,75.50634604,all_train
7/17/2018 4:59:59,94.13724984,75.72067673,all_train
7/17/2018 5:59:59,93.08174293,69.04429034,all_train
7/17/2018 6:59:59,91.70744196,60.23961061,all_train
7/17/2018 7:59:59,90.74210221,57.00091217,all_train
7/17/2018 8:59:59,93.55405777,62.29071855,all_train
7/17/2018 9:59:59,91.92434007,67.72259783,all_train
7/17/2018 10:59:59,91.70103023,68.36818799,all_train
7/17/2018 11:59:59,91.0270075,65.12089083,all_train
7/17/2018 12:59:59,90.19048442,63.69870713,all_train
7/17/2018 13:59:59,90.58401334,68.93497569,all_train
7/17/2018 14:59:59,90.5672818,68.91835799,all_train
7/17/2018 15:59:59,90.37425269,66.0479543,all_train
7/17/2018 16:59:59,90.43126885,67.62960033,all_train
7/17/2018 17:59:59,90.75207919,69.15745464,all_train
7/17/2018 18:59:59,90.89883998,70.09091525,all_train
7/17/2018 19:59:59,89.96428359,69.54730149,all_train
7/17/2018 20:59:59,86.84349137,67.47685318,all_train
7/17/2018 21:59:59,85.71132761,64.75178397,all_train
7/17/2018 22:59:59,85.28483475,64.74298162,all_train
7/17/2018 23:59:59,84.66450743,62.36040262,all_train
7/18/2018 0:59:59,85.63886082,63.0894619,all_train
7/18/2018 1:59:59,88.83609437,66.6220311,all_train
7/18/2018 2:59:59,91.36899418,72.01225823,all_train
7/18/2018 3:59:59,92.73680539,74.40967867,all_train
7/18/2018 4:59:59,93.49233157,73.90535494,all_train
